username,waktu,konten
Divisi Humas Polri,23-05-2025 09:02,Divisi Humas Polri Divisi Humas Polri @DivHumas_Polri Â· Polri  melalui jajaran Dittipidsiber Bareskrim  Polri  bersama Direktorat Perlindungan Perempuan dan Anak (PPA) berhasil mengungkap kasus penyebaran pornografi anak yang dilakukan melalui grup Facebook â€œFantasi Sedarahâ€ dan â€œSuka Dukaâ€. Sebanyak enam tersangka ditangkap di wilayah Show more 174 174 174 136 136 136 403 403 403 6.4K 6.4K 6.4K
POLRES MAGELANG KOTA,23-05-2025 15:58,"POLRES MAGELANG KOTA POLRES MAGELANG KOTA @hmsresmglkota Â· Cerita Bintara Remaja asal Papua Angkatan 52, yang sejak Desember 2024 ditempatkan di Polres Magelang Kota untuk menjalani masa Latja  hingga Mei 2025. 

Keenam personel muda ini menjalani hari-harinya sebagai bagian dari penguatan SDM  Polri  yang beragam dan inklusif. 1 1 1 3 3 3 10 10 10"
Divisi Humas Polri,23-05-2025 09:17,"Divisi Humas Polri Divisi Humas Polri @DivHumas_Polri Â· Anggota Komisi III DPR RI Fraksi Gerindra, Martin Daniel Tumbelaka mengapresiasi langkah cepat  Polri  atas penangkapan admin dan anggota grup Facebook 'Fantasi Sedarah' atau 'Suka Duka'. Ia menilai langkah tegas ini sebagai bentuk nyata kehadiran negara dalam melindungi masyarakat Show more 51 51 51 17 17 17 546 546 546 4.9K 4.9K 4.9K"
Divisi Humas Polri,23-05-2025 09:27,"Divisi Humas Polri Divisi Humas Polri @DivHumas_Polri Â· Polri  tidak memberi ruang bagi aksi premanisme dan anarki. Kali ini, seorang pria merusak kendaraan yang tengah melintas di Kecamatan Besitang, Kabupaten Langkat, Sumatera Utara. Menindaklanjuti insiden tersebut,  Polri  melalui Polres Langkat bergerak cepat mengamankan pelaku yang Show more 47 47 47 18 18 18 286 286 286 24K 24K 24K"
Humas Polda Jawa Timur,23-05-2025 09:40,"Humas Polda Jawa Timur Humas Polda Jawa Timur @bidhumas_jatim Â· Wakil Ketua Komisi III DPR RI, Dr. H. Ahmad Sahroni, S.E., M.I.Kom., mengapresiasi  Polri  yang dinilai bergerak cepat alias gercep dalam menangani konten menyimpang hubungan sedarah atau inses dan pornografi.  #ProfesionalTegakkanHukum 13 13 13 26 26 26 36 36 36 730 730 730"
Kompas.com,23-05-2025 16:15,"Kompas.com Kompas.com @kompascom Â· Kenapa  Polri  Hanya Tunjukkan Foto Ijazah Jokowi Saat Konferensi Pers?

/  #polri #jokowi #IjazahJokowi 1 1 1 1 1 1 2 2 2 1K 1K 1K"
Divisi Humas Polri,23-05-2025 13:34,"Divisi Humas Polri Divisi Humas Polri @DivHumas_Polri Â· Polda Kalimantan Tengah (Kalteng) menetapkan Ketua GRIB Jaya Kalteng, berinisial R, sebagai tersangka atas dugaan penyegelan perusahaan oleh oknum ormas yang disertai dengan aksi premanisme di Barito Selatan. Usai penetapan status sebagai tersangka, kini R telah ditahan di rutan Show more 68 68 68 12 12 12 284 284 284 5.2K 5.2K 5.2K"
Divisi Humas Polri,23-05-2025 09:27,"Divisi Humas Polri Divisi Humas Polri @DivHumas_Polri Â· Satgas Gakkum Operasi Damai Cartenz 2025 resmi menyerahkan tersangka Aske Mabel beserta barang bukti kepada Kejaksaan Negeri Wamena, Rabu (21/5). Tersangka diketahui terlibat kasus pencurian dengan pemberatan dan kepemilikan senjata api ilegal. Adapun barang bukti yang diserahkan Show more 56 56 56 14 14 14 279 279 279 4.2K 4.2K 4.2K"
Humas Polda Jawa Timur,23-05-2025 09:41,"Humas Polda Jawa Timur Humas Polda Jawa Timur @bidhumas_jatim Â· Anggota Komisi III DPR RI Fraksi Gerindra, Martin Daniel Tumbelaka mengapresiasi langkah cepat  Polri  atas penangkapan admin dan anggota grup Facebook 'Fantasi Sedarah' atau 'Suka Duka'. Berkomitmen  #ProfesionalTegakkanHukum  Serta Tuntas Ungkap Kejahatan 11 11 11 27 27 27 36 36 36 892 892 892"
ğš‹ğš•ğšŠğš—ğš”,23-05-2025 10:24,"ğš‹ğš•ğšŠğš—ğš” ğš‹ğš•ğšŠğš—ğš” @blank0429 Â· Benar ternyata... 

Puslabfor  POLRI  diakui Internasional

Yg diuji ""aslinya"", yg dipajang jadi barang bukti fotocopy-nya [Sir Edmond Locard bangga padamu Pak] 77 77 77 254 254 254 815 815 815 56K 56K 56K"
Bajingan Kuasai Indonesia,23-05-2025 07:42,"Bajingan Kuasai Indonesia Bajingan Kuasai Indonesia @MYusufN8 Â· @STresnowati1 Ijazah jokowi bikin gaduh indonesia 

Hanya Presiden  @prabowo  yg bs stop gaduh ijazah palsu jokowi 

Cara jemput paksa jokowi hadir di pengadilan 

Smg tegas Penegakkan hukum jokowi

Katakan yg benar dan yg salah dengan tegas lugas! @DivHumas_Polri @SianiparRismon @DokterTifa 2 2 2 3 3 3 5 5 5 192 192 192"
joe kissanda,23-05-2025 09:06,"joe kissanda joe kissanda @joe_pride888 Â· Konpers Bareskrim ttg Ijazah palsu bukti klo  polri  dibawah kendali Jokowi

Tanpa ijazah asli kecuali silde spt umumnya konpers kasus yg dpt atensi netizens, Parcok nyata bela Jokowi & memutus scr sepihak yg sejatinya domain pengadilan 

Bukti identik vs Otentik dgn foto copy ? 3 3 3 3 3 3 11 11 11 1.2K 1.2K 1.2K"
Polsek_Seltim,23-05-2025 07:25,"Polsek_Seltim Polsek_Seltim @PSeltim Â· Tokoh Masyarakat Perbekel desa Kediri ( I Wayan Merta Yoga) Kecamatan  Kediri ,Kab. Tabanan Sangat Apresiasi Kinerja  Polri , Polres Tabanan dalam menjaga Harkamtibmas Yang Kondusif di wilayah Tabanan. #ApresiasiMasyarakat #PolriuntukMasyarakat #PolresTabanan #Poldabali 2 2 2 25 25 25"
Humas Polda Jawa Timur,23-05-2025 09:38,"Humas Polda Jawa Timur Humas Polda Jawa Timur @bidhumas_jatim Â· Direktorat Tindak Pidana Siber Bareskrim  Polri  bersama Direktorat Perlindungan Perempuan dan Anak (PPA)mengungkap kasus penyebaran konten pornografi anak melalui grup Facebook ""Fantasi Sedarah"" dan ""Suka Duka"".Komitmen  Polri #ProfesionalTegakkanHukum  Serta Tuntas Ungkap Kejahatan 14 14 14 27 27 27 35 35 35 1.1K 1.1K 1.1K"
Justo,23-05-2025 10:50,"Justo Justo @M3di4Upd4t3 Â· Foto Skripsi Dan Ijazah Joko Widodo Yang Ditampilkan pada saat  Konfrensi Pers, Di Bareskrim Mabes  Polri , pada Kamis (22/5/2025). #DukungPrabowoGantiGibran #DukungPrabowoGantiGibran Trio Kwek Kwek Trio Kwek Kwek @TrioKwekKwek555 Â· @6ur3ckv4n8345 @6ur3ckv4n8345 Polri van gorong2 lebih memilih citra busuk. mereka memiliki bokis, merekayasa kasus, merekayasa hukum, merekayasa barang bukti 6 #DukungPrabowoGantiGibran #DukungPrabowoGantiGibran #DukungPrabowoGantiGibran #DukungPrabowoGantiGibran 13 13 13 14 14 14 15 15 15 283 283 283"
Speak_Up,23-05-2025 15:36,"Speak_Up Speak_Up @Nobody_2811 Â· Mayoritas publik tidak percaya sama kopers Bareskrim  Polri , kecuali ternak Mulyono & buzzeRp haram jadah.
.
.
.
.
Tele Bikin Hot Hits Indonesia Karena DM Polisi Febi DMan Hantu. 10 10 10 20 20 20 4.4K 4.4K 4.4K"
P@k_K@rti,23-05-2025 12:58,"P@k_K@rti P@k_K@rti @PakKarti Â· Selepas kompers Bareskrim  Polri , ada yg menggelitik terkait dengan berita Tempo tgl 29 Juni 2013.

Ada 3 pihak yang kontradiktif terkait dengan syarat kelulusan bagi Jokowi ;

a) Tempo                 Jokowi                 UGM              b) Tempo           Show more Î±Î¹ÑÎ± Î·Ñ‚Î¹Ñ” and 5 others Î±Î¹ÑÎ± Î·Ñ‚Î¹Ñ” Î±Î¹ÑÎ± Î·Ñ‚Î¹Ñ” 6 6 6 4 4 4 9 9 9 598 598 598"
20DETIK,23-05-2025 17:40,20DETIK 20DETIK @20detik Â· Bareskrim  Polri  memastikan ijazah S1 Universitas Gadjah Mada milik Presiden ke-7 RI Joko Widodo identik dengan pembanding. Begini tanggapan istana... 21 21 21
Nda !,23-05-2025 08:08,"Nda ! Nda ! @Naandaa27 Â· Segenting apakah hingga Jaksa dan keluarganya diberi perlindungan khusus ?
Bukannya sdh tugas TNI  POLRI  menjaga setiap warga negara Indonesia ?
Jgn sampai Perpres ini malah dimanfaatkan oleh oknum Jaksa nakal utk berlindung dr kasus hukum !
-----

Pagii Asli Ini DM BreadTalk 4 4 4 6 6 6 9 9 9 1.7K 1.7K 1.7K"
Indonesia Dirusak Oknum Bajingan,23-05-2025 13:49,"Indonesia Dirusak Oknum Bajingan Indonesia Dirusak Oknum Bajingan @yusuf_my1 Â· @OjolNyambi Ijazah jokowi bikin gaduh indonesia 

Hanya Presiden  @prabowo  yg bs stop gaduh ijazah palsu jokowi 

Cara jemput paksa jokowi utk hadir di pengadilan 

Katakan yg benar dan yg salah dengan tegas lugas! @DivHumas_Polri @SianiparRismon @DokterTifa â“‡â“â“â“˜â“ â“‡â“â“â“˜â“ â“‡â“â“â“˜â“ 1 1 1 2 2 2 5 5 5 105 105 105"
SINDOnews,23-05-2025 17:03,"SINDOnews SINDOnews @SINDOnews Â· Mantan Presiden Joko Widodo (Jokowi) buka suara mengenai ijazahnya yang dinyatakan asli oleh Bareskrim  Polri . Jokowi memuji polisi yang memeriksa ijazahnya secara detail. 

""Ya memang asli,"" kata Jokowi saat ditemui di kediamannya, Solo, Jawa Tengah, Jumat (23/5/2025). 

Ayah Show more 56 56 56"
HARD PROTECK,23-05-2025 12:22,"HARD PROTECK HARD PROTECK @SuhardiSuh66239 Â· KAMI TIDAK PERCAYA PUSLABFOR  POLRI ... 

SUDAH KEDUA DARI DRAMA YANG DIMAINKAN BARESKRIM  POLRI ... 

UJI IJAZAH JOKOWI DI PUSLABFOR BUKAN AKHIR DARI KASUS IJAZAH PALSU JOKOWI...  #DukungPrabowoGantiGibran #DukungPrabowoGantiGibran 12 12 12 35 35 35 48 48 48 619 619 619"
SINDOnews,23-05-2025 18:18,"SINDOnews SINDOnews @SINDOnews Â· Kombes Pol Sumaryoto pecah bintang, pangkatnya menjadi Brigadir Jenderal Polisi atau Brigjen Pol usai mendapat penugasan baru sebagai Karobinopsnal Bareskrim  Polri .

Dia merupakan salah satu dari 9 Kombes yang pecah bintang dalam mutasi  Polri  pada 20 Mei 2025. Sumaryono Show more 35 35 35"
Gafrank,23-05-2025 09:50,"Gafrank Gafrank @gafrank_1 Â· polri  selalu menjalankan tugas dengan  #ProfesionalTegakkanHukum  pastinya , selalu mengayomi masyarakat dan sebisa mungkin mmberantas premanisme yang ada , yuk bisa Tuntas Ungkap Kejahatan 10 10 10 16 16 16 13 13 13 1K 1K 1K"
Humas Polda Jawa Timur,23-05-2025 09:43,"Humas Polda Jawa Timur Humas Polda Jawa Timur @bidhumas_jatim Â· Polri  melalui Polda Jawa Barat (Jabar) berhasil membongkar aktivitas judi online di wilayah BSD City dan Cipondoh, Kota Tangerang. Dari hasil pengungkapan, dua orang tersangka berinisal A dan JH berhasil diamankan.  Polri  Terus Berkomitmen  #ProfesionalTegakkanHukum 11 11 11 23 23 23 30 30 30 350 350 350"
Elang Gold(2),23-05-2025 15:07,"Elang Gold(2) Elang Gold(2) @Pecel_Lele5678 Â· @DedynurPalakka Bisa-bisanya  Polri  Ketok Magic.
rahang gigi bawah sudah rapi malah di berantakin. 4 4 4 4 4 4 465 465 465"
P W S||,23-05-2025 10:46,"P W S|| P W S|| @King_PWS_ Â· â€œSebelumnya, Bareskrim  Polri  menyatakan, ijazah milik Presiden ke-7 RI Joko Widodo (Jokowi) identik dan otentik setelah dibandingkan dengan ijazah milik tiga rekan seangkatannya di Universitas Gadjah Mada (UGM).â€

>Identik vs Otentik vs Asli ??? https:// 3/09560561/roy-suryo-respons-bareskrim-usai-sebut-ijazah-jokowi-otentik-yang-asli-tidak â€¦ GIF 3 3 3 6 6 6 10 10 10 572 572 572"
COBRA 3131,23-05-2025 11:33,"COBRA 3131 COBRA 3131 @C0BRA3131 Â· @TrioKwekKwek555 and and @OposisiCerdas POLRI  era Jokowi &  @Prabowo  akan dikenang sebagai institusi terbusuk menindas, menipu rakyat yg seharusnya mereka layani sepenuh hati, tapi masih banyak anggota  Polri  jujur hidup bersama rakyat dgn hidup marginal, smg  @Prabowo  bs segera benahi  Polri . #DukungPrabowoGantiGibran 1 1 1 5 5 5 5 5 5 60 60 60"
SARAH TRESNOWATI,23-05-2025 07:36,"SARAH TRESNOWATI SARAH TRESNOWATI @STresnowati1 Â· Hasil lidik bareskrim  polri  bukan membikin masarakat mjd tenang , malah sebaliknya makin membuat gaduh . 
Semoga pak  @prabowo  sadar yg paling dirugikan adalah kabinet bpk.  Investor ga mau masuk .
Pribadi bpk, Bpk akan dianggap pemimpin yg tdk kapabel.  Jika jokowi lewat orang2 Show more 17 17 17 35 35 35 80 80 80 781 781 781"
Mr.Rudi,23-05-2025 14:25,"Mr.Rudi Mr.Rudi @MarjanSapr17110 Â· @DedynurPalakka Sy hargai hasil labfor  polri Tapi ini yg masih mengganjal di mata... struktur giginya kenapa bisa berubah...apakah beliau pernah ketabrak kereta kencana..? sehingga giginya menjadi tidak rapih lagi..?ini juga mesti dijelaskan sm mabes  polri ,kenapa struktur giginya bisa gak sama 1 1 1 8 8 8 475 475 475"
HUMAS KORPS BRIMOB POLRI,23-05-2025 16:50,HUMAS KORPS BRIMOB POLRI HUMAS KORPS BRIMOB POLRI @humaskorbrimob Â· Penutupan Brimob Challenge 2025 4 4 4
Polres Bandara Ngr Rai,23-05-2025 09:51,"Polres Bandara Ngr Rai Polres Bandara Ngr Rai @Polres_Ngr_Rai Â· Anggota Komisi III DPR RI Fraksi Gerindra, Martin Daniel Tumbelaka mengapresiasi langkah cepat  Polri  atas penangkapan admin dan anggota grup Facebook 'Fantasi Sedarah' atau 'Suka Duka'. 1 1 1 16 16 16"
Polda Banten,23-05-2025 09:54,"Polda Banten Polda Banten @_poldabanten Â· Polda Papua Barat (Papbar) melalui Polres Kaimana berhasil mengungkap praktik penambangan emas tanpa izin di wilayah Distrik Teluk Etna, Kaimana, Papua Barat. Komitmen  Polri #ProfesionalTegakkanHukum  Serta Tuntas Ungkap Kejahatan 1 1 1 10 10 10 36 36 36"
Artanabil,23-05-2025 09:01,"Artanabil Artanabil @ArtaN7707 Â· Gagal 3 periode, Jokowi pasang strategi 3 kaki:
1. menyusup di kabinet Prabowo 
2. mengkondisikan  polri  loyal kepada dirinya, bukan ke Prabowo 
3. melindungi wapres gibran

16/5/2025:  https:// atkan-prabowo-amien-rais-sebut-partai-cokelat-dipakai-jokowi-untuk-jadikan-gibran-presiden/?s=09 â€¦ #DukungPrabowoGantiGibran #DukungPrabowoGantiGibran 2 2 2 5 5 5 5 5 5 49 49 49"
Humas Polda Jawa Timur,23-05-2025 09:51,"Humas Polda Jawa Timur Humas Polda Jawa Timur @bidhumas_jatim Â· Polda Jawa Tengah telah menangkap empat anggota ormas GRIB Jaya atas dugaan perusakan aset PT Kereta Api Indonesia di Kota Semarang, tepatnya kawasan Gergaji Kelurahan Mugassari Kecamatan Semarang Selatan.  Polri  Terus Berkomitmen  #ProfesionalTegakkanHukum 11 11 11 21 21 21 25 25 25 217 217 217"
Humas Polda Bali,23-05-2025 10:06,"Humas Polda Bali Humas Polda Bali @polda_bali Â· Wakil Ketua Komisi III DPR RI, Dr. H. Ahmad Sahroni, S.E., M.I.Kom., mengapresiasi  Polri  yang dinilai bergerak cepat alias gercep dalam menangani konten menyimpang hubungan sedarah atau inses dan pornografi yang dimuat dalam grup Facebook 'Fantasi Sedarah' dan 'Suka Duka.â€™ 1 1 1 2 2 2 27 27 27"
humasacehtimurpoldaaceh,23-05-2025 14:43,"humasacehtimurpoldaaceh humasacehtimurpoldaaceh @polresatim Â· BHABINKAMTIBMAS POLSEK IDI TUNONG PANTAU PENYALURAN PUPUK UREA NON SUBSIDI

Pendampingan oleh Bhabinkamtibmas bertujuan untuk memastikan distribusi pupuk non subsidi berjalan lancar, tepat sasaran, dan tanpa kendala. @DivHumas_Polri @bidhumasaceh https:// binkamtibmas-polsek-idi-tunong-pantau-penyaluran-pupuk-urea-non-subsidi/ â€¦ 2 2 2 7 7 7"
Saraswati,23-05-2025 10:07,"Saraswati Saraswati @kusuma12197 Â· Kalau tidak Percaya dgn KABARESKRIM  POLRI  kenapa buat pengaduan ke BARESKRIM  POLRI .

Sdh buat pengaduan, kok meragukan bahkan tidak Percaya... TOLOL bin GOBLOK itu namanya.... javawarior javawarior @Pendekar969 Â· ""Penampakan Ijasah Pak Jokowi""

Diperlihatkan saat konfresi pers di BARESKRIM POLRI. 

Menjawab seluruh DUMAS yg dilakukan oleh TPUA

Hanya orang BODOH, TOLOL, PEKOK dan Sengaja ingin buat Kegaduhan, yg Masih meragukan Ke Aslian Ijasah Pak Jokowi 3 3 3 10 10 10 11 11 11 140 140 140"
COBRA 3131,23-05-2025 11:36,"COBRA 3131 COBRA 3131 @C0BRA3131 Â· Polri  kecewakan rakyat !!!
Harusnya tangkap Koruptor OCCRP.
Bukan malahan merekayasa hasil Puslabfor yg udah Profesional melakukan rekayasa hasil forensik.
Ini daftarnya !!! #DukungPrabowoGantiGibran #DukungPrabowoGantiGibran 2 2 2 15 15 15 22 22 22 213 213 213"
Trio Kwek Kwek,23-05-2025 13:05,Trio Kwek Kwek Trio Kwek Kwek @TrioKwekKwek555 Â· @FitraYouse POLRI  bukan tempat legalisir ijazah Jokowi  #DukungPrabowoGantiGibran #DukungPrabowoGantiGibran 3 3 3 2 2 2 13 13 13
__,23-05-2025 17:28,__ __ @kissedbyjude Â· emosi bgt gw liat data ini. itu  polri  dr anggaran 2025 nangkring di top3 gaguna bgt ajg anggaran segitu hasilnya apa cok. Jejak digital. Jejak digital. @ARSIPAJA Â· 3 3 3 2 2 2 113 113 113
humasacehtimurpoldaaceh,23-05-2025 11:13,"humasacehtimurpoldaaceh humasacehtimurpoldaaceh @polresatim Â· GANDENG TOKOH PEMUDA, UPAYA POLSEK SIMPANG ULIM ANTISIPASI AKSI PREMANISME

Dengan menggandeng tokoh pemuda, kegiatan ini juga dirancang untuk mempererat hubungan antara  Polri  dan masyarakat. @DivHumas_Polri @bidhumasaceh https:// pemuda-upaya-polsek-simpang-ulim-antisipasi-aksi-premanisme/ â€¦ 4 4 4 8 8 8"
PokoPoko,23-05-2025 08:29,"PokoPoko PokoPoko @sijionesatu Â· @somexthread Sudah kasih ktp, ijinkan masuk dulu pak, apalagi rumah sendiri, musyawarah cari solusi dirumah warganya bersama rt/rw  @DivHumas_Polri  coba pak check ini ormas berbaju satpam / bukan 18 18 18 1.6K 1.6K 1.6K"
Polres Tolikara,23-05-2025 10:39,"Polres Tolikara Polres Tolikara @TolikaraPolres Â· Polda Papbar melalui Polres Kaimana berhasil ungkap praktik penambangan emas tanpa izin di wilayah Distrik Teluk Etna, Kaimana, Papua Barat. Dari hasil pengungkapan, Kepolisian amankan lima orang pelaku penambangan emas tanpa izin. Komitmen  Polri #ProfesionalTegakkanHukum 3 3 3 19 19 19"
Kimmy,23-05-2025 09:54,Kimmy Kimmy @Kimmy77079506 Â· Polri  terus berupaya untuk sapu bersih pemberantasan Judol di seluruh Indonesia   #ProfesionalTegakkanHukum  Tuntas Ungkap Kejahatan 2 2 2 13 13 13
antaranews.com,23-05-2025 17:01,"antaranews.com antaranews.com @antaranews Â· Menurut Imam, hal tersebut layak untuk dilakukan karena istri anggota  Polri  memegang peran penting dalam tugas setiap anggota  Polri . Dankor Brimob beri tempat pemakaman gratis untuk istri anggota Polri 1 1 1 189 189 189"
lantas.prabumulih,23-05-2025 10:29,"lantas.prabumulih lantas.prabumulih @LantasPBM Â· Situasi arus lalu lintas pagi di seputaran Pos Rel Perlintasan Kereta Api Kota Prabumulih. Jumat, 23 Mei 2025. @NTMCLantasPolri @SosmedNtmc @NTMCSumsel @PolisiSumsel @ResPbm @sumsel_polda @Spripim_Polri #PolriPresisi 2 2 2 12 12 12"
Monica,23-05-2025 17:28,"Monica Monica @NenkMonica Â· Hasil akhir sebagaimana tercantum di bawah ya, terima kasih kpd semua netizen yg telah berpartisipasi.
Cc: @jokowi @DivHumas_Polri @PolriBareskrim @PUSLABFOR_POLRI @Metro_TV @tvOneNews @KompasTV Monica Monica @NenkMonica Â· Apakah anda percaya dg keterangan yg disampaikan oleh Bareskrim Polri yg menyatakan Ijazah Jokowi ASLI ? Show this poll 1 1 1 9 9 9 13 13 13 275 275 275"
Bang Jarwo,23-05-2025 08:30,"Bang Jarwo Bang Jarwo @BangJarwoSopo7 Â· Aneh kinerja  #POLRI  presisi kepemimpinan  @ListyoSigitP  sangat TIDAK PROFESIONAL Suluh98 Suluh98 @_Haris_Srg Â· Gak ditunjukan yg Asli malah diminta yg ditampilkan dilayar adalah Asli. Kok makin tuman saja ya?
Apakah kita satu republik ini harus BODOH utk SATU ORANG WARGA NEGARA?
Hallo  @prabowo @prabowo  kami dah capek loh diam, sudah letih melihat ""kenakalan-kenakalan"" dan tipu daya itu. Tolonglah! x.com/tvonenews/statâ€¦ 2 2 2 2 2 2 15 15 15"
Polres Trenggalek,23-05-2025 10:36,"Polres Trenggalek Polres Trenggalek @1trenggalek Â· Direktorat Tindak Pidana Siber Bareskrim  Polri  bersama Direktorat Perlindungan Perempuan dan Anak (PPA) mengungkap kasus penyebaran konten pornografi anak melalui grup Facebook ""Fantasi Sedarah"" dan ""Suka Duka"".  Polri #ProfesionalTegakkanHukum  Serta Tuntas Ungkap Kejahatan 2 2 2 7 7 7 11 11 11 90 90 90"
P@k_K@rti,23-05-2025 12:57,"P@k_K@rti P@k_K@rti @PakKarti Â· Selepas kompers Bareskrim  Polri , ada yg menggelitik terkait dengan berita Tempo tgl 29 Juni 2013.

Ada 3 pihak yang kontradiktif terkait dengan syarat kelulusan bagi Jokowi ;

a) Tempo                 Jokowi                 UGM              b) Tempo           Show more 2 2 2 2 2 2 106 106 106"
Syarman Lawyer,23-05-2025 10:07,Syarman Lawyer Syarman Lawyer @Syarman59 Â· Penegakan hukum pemberantasan korupsi jaman now tergantung pada selera Penguasa dan Oligarki @KejaksaanRI @KPK_RI @DivHumas_Polri  bak macan ompong 2 2 2 11 11 11 25 25 25 404 404 404
Bang Jarwo,23-05-2025 08:01,"Bang Jarwo Bang Jarwo @BangJarwoSopo7 Â· Bagaimana masyarakat akan percaya dengan penyidik  #POLRI  yg seperti ini rekam jejaknya. @ListyoSigitP @Poldametrojaya_ Ary Ary @Ary_PrasKe2 Â· Apakah Orang Yang Sama Dan Identik?

Hanya Bertanya  Konferensi Pers Dirtipidum Bareskrim Polri Brigjen Djuhandhani Rahardjo Puro : â€œIjazah Jokowi Identik Dan Telah Di Buktikan KeAsliannyaâ€ ? 2 2 2 1 1 1 2 2 2 53 53 53"
Davano Jambaq,23-05-2025 13:18,"Davano Jambaq Davano Jambaq @davano84 Â· @neVerAl0nely Dekan , rektor sma ?  @DivHumas_Polri 2 2 2 312 312 312"
Badan Standardisasi Nasional (BSN),23-05-2025 14:16,"Badan Standardisasi Nasional (BSN) Badan Standardisasi Nasional (BSN) @bsn_sni Â· SNIzen dan ReKAN! Untuk pertama kalinya di Indonesia, Laboratorium Pusat Penelitian dan Pengembangan (Puslitbang)  POLRI  resmi meraih sertifikat akreditasi dari Komite Akreditasi Nasional (KAN) untuk ruang lingkup pengujian produk-produk kepolisian (1/6) 1 1 1 19 19 19"
Polres Bojonegoro,23-05-2025 09:45,"Polres Bojonegoro Polres Bojonegoro @PIDM_Bojonegoro Â· Donor Darah Sambut Hari Bhayangkara ke-79

@divisihumaspolri @Spripim_Polri @humaspoldajatim @gegana_id #PolriUntukMasyarakat #PresisiUntukIndonesia #HumanisTegakkanHukum #PolresBojonegoro #poldajatim 18 18 18 35 35 35 64 64 64"
intel imut,23-05-2025 17:27,"intel imut intel imut @Intel_Imut Â· Commentary account TNI dan  POLRI Sinergitas

Jangan berasumsi macam2 untuk pecah belah Partai Gerindra Partai Gerindra @Gerindra Â· Prabowo Teken Perpres, Jaksa Kini Dapat Perlindungan TNI-Polri  https://news.detik.com/berita/d-7926481/prabowo-teken-perpres-jaksa-kini-dapat-perlindungan-tni-polriâ€¦ https:// 81/prabowo-teken-perpres-jaksa-kini-dapat-perlindungan-tni-polri â€¦ 3 3 3 218 218 218"
TMC Polda Metro Jaya,23-05-2025 07:53,TMC Polda Metro Jaya TMC Polda Metro Jaya @TMCPoldaMetro Â· 07.53 Mobil menabrak pembatas jalan di Jl. Gatot Subroto Jakpus depan DPR/MPR Ri arah Slipi saat ini sudah selesai penanaganan  Polri 1 1 1 2.1K 2.1K 2.1K
Detective.bekasi,23-05-2025 08:28,"Detective.bekasi Detective.bekasi @WargaBekesong Â· @kompascom @DivHumas_Polri @Puspen_TNI  sebagai aparat kalen malu ga sih negara didudukin ormas preman? Apa bodo amat?

Oh iya wong jenderakny aja cium tangan dan rebutan selfi 1 1 1 3 3 3 51 51 51 6.3K 6.3K 6.3K"
humasacehtimurpoldaaceh,23-05-2025 14:27,"humasacehtimurpoldaaceh humasacehtimurpoldaaceh @polresatim Â· POLSEK DARUL AMAN PASANG SPANDUK HIMBAUAN KAMSELTIBCARLANTAS DI LOKASI RAWAN KECELAKAAN

Dengan pemasangan spanduk imbauan ini dapat meningkatkan kesadaran masyarakat dalam berlalulintas. @DivHumas_Polri @bidhumasaceh @NTMCLantasPolri https:// sek-darul-aman-pasang-spanduk-himbauan-kamseltibcarlantas-di-lokasi-rawan-kecelakaan/ â€¦ 2 2 2 20 20 20"
Polres Tolikara,23-05-2025 10:46,"Polres Tolikara Polres Tolikara @TolikaraPolres Â· Wakil Ketua Komisi III DPR RI, Dr. H. Ahmad Sahroni, S.E., M.I.Kom., apresiasi  Polri  yang dinilai gercep dalam menangani konten menyimpang hubungan sedarah atau inses dan pornografi yang dimuat dalam grup Facebook 'Fantasi Sedarah' dan 'Suka Duka.â€™   #ProfesionalTegakkanHukum 3 3 3 26 26 26"
humasacehtimurpoldaaceh,23-05-2025 14:08,"humasacehtimurpoldaaceh humasacehtimurpoldaaceh @polresatim Â· JUMâ€™AT BERKAH, KAPOLSEK PEUREULAK SERAHKAN BANTUAN KEPADA LANSIA

Kegiatan ini adalah bentuk kepedulian Polsek Peureulak terhadap masyarakat, khususnya para lansia yang membutuhkan uluran tangan.  @DivHumas_Polri @bidhumasaceh https:// at-berkah-kapolsek-peureulak-serahkan-bantuan-kepada-lansia/ â€¦ 3 3 3 7 7 7"
Polres Trenggalek,23-05-2025 10:45,"Polres Trenggalek Polres Trenggalek @1trenggalek Â· Anggota Komisi III DPR RI Fraksi Gerindra, Martin Daniel Tumbelaka mengapresiasi langkah cepat  Polri  atas penangkapan admin dan anggota grup Facebook 'Fantasi Sedarah' atau 'Suka Duka'.  Polri  Terus Berkomitmen  #ProfesionalTegakkanHukum  Tuntas Ungkap Kejahatan 3 3 3 9 9 9 16 16 16 76 76 76"
GELORA NEWS,23-05-2025 16:17,"GELORA NEWS GELORA NEWS @geloraco Â· Netizen Soroti Lekukan di Tengah Fotokopi Ijazah Jokowi yang Ditampilkan  Polri : Kok Ada Lipatannya, Ijazah Apa Duit? Netizen Soroti Lekukan di Tengah Fotokopi Ijazah Jokowi yang Ditampilkan Polri: Kok Ada Lipatannya,... 6 6 6 12 12 12 25 25 25 789 789 789"
Polres Bojonegoro,23-05-2025 09:42,"Polres Bojonegoro Polres Bojonegoro @PIDM_Bojonegoro Â· Pembinaan Rohani dan Mental, Tingkatkan Iman dan Taqwa Personel

@divisihumaspolri @Spripim_Polri @humaspoldajatim @gegana_id #PolriUntukMasyarakat #PresisiUntukIndonesia #HumanisTegakkanHukum #PolresBojonegoro #poldajatim 19 19 19 38 38 38 73 73 73"
Polres Trenggalek,23-05-2025 10:46,"Polres Trenggalek Polres Trenggalek @1trenggalek Â· Wakil Ketua Komisi III DPR RI, Dr. H. Ahmad Sahroni, S.E., M.I.Kom., mengapresiasi  Polri  yang dinilai bergerak cepat alias gercep dalam menangani konten menyimpang hubungan sedarah atau inses  Polri  Terus Berkomitmen  #ProfesionalTegakkanHukum  Serta Tuntas Ungkap Kejahatan 3 3 3 9 9 9 15 15 15 66 66 66"
AdrisGaruda29,23-05-2025 11:37,"AdrisGaruda29 AdrisGaruda29 @aGarudasadri29 Â· Dalam sebuah Kasus perkara penyidik dalam hal ini  polri  tdk di benarkan memutuskan benar atau salah. Barang bukti, Team dan saksi ahli wajib di serahkan ke jaksa dan selanjutnya di ajukan ke pengadilan. @prabowo @SBYudhoyono @ListyoSigitP @jokowi Barnes Melya Barnes Melya @sihaan99 Â· Buzzer / hewan piaraan dengar baik baik ya    Biar Paham 2 2 2 2 2 2 19 19 19"